n_dealers,modulus_common_measured,modulus_common_predicted,modulus_differential
1,4.92775774194763,4.92775774194763,nan
2,3.376541818492232,9.85551548389526,0.0
3,0.0,14.78327322584289,0.0
