variable,value,median_modulus,q25,q75,frac_unstable,moduli,robust_verdict,robust_upper,robust_lower,m_pred,h_star_pred
toxicity_feedback,0.0,0.004172563552856445,0.004065155982971191,0.004279971122741699,0.0,0.0040;0.0044,stable,0.00447635803692297,0.003868769068789921,0.0,1.520405606623726
toxicity_feedback,2.0,0.0050154924392700195,0.002572000026702881,0.007458984851837158,0.0,0.0099;0.0001,stable,0.011926732658086423,-0.0018957477795463838,0.22482718071198657,1.6840906083344631
toxicity_feedback,6.0,0.04550671577453613,0.033975839614868164,0.0570375919342041,0.0,0.0686;0.0224,stable,0.07812095867663019,0.012892472872442072,0.5070774328642345,1.8886795189263892
