variable,value,median_modulus,q25,q75,frac_unstable,moduli
toxicity_feedback,0.0,0.5122368335723877,0.4701716899871826,0.6513032913208008,0.0,0.4281;0.7904;0.5122
toxicity_feedback,2.0,1.2518677711486816,1.1854584217071533,1.2721918821334839,1.0,1.1190;1.2925;1.2519
toxicity_feedback,3.0,1.270596981048584,1.2559404373168945,1.3371633291244507,1.0,1.2413;1.4037;1.2706
toxicity_feedback,4.0,1.2478063106536865,1.1923205852508545,1.2914842367172241,1.0,1.3352;1.2478;1.1368
toxicity_feedback,6.0,1.2552554607391357,1.2324252128601074,1.414612889289856,1.0,1.2553;1.5740;1.2096
toxicity_feedback,8.0,1.6019725799560547,1.2886676788330078,1.6453497409820557,0.6666666666666666,1.6020;1.6887;0.9754
