variable,value,median_modulus,q25,q75,frac_unstable,moduli,robust_verdict,robust_upper,robust_lower,m_pred,m_pred_hstar,h_star_pred
toxicity_feedback,0.0,0.06718963384628296,0.043711841106414795,0.09280353784561157,0.0,0.0065;0.0800;0.0585;0.0165;0.0528;0.0758;0.1323;0.1312,stable,0.11562857046392307,0.02279132590028897,0.0,0.0,1.520405606623726
toxicity_feedback,1.0,0.15867304801940918,0.08058047294616699,0.28417184948921204,0.0,0.0521;0.0783;0.2559;0.0813;0.3691;0.3764;0.1426;0.1748,stable,0.32053394472591,0.06207920753963869,0.2128945971588664,0.12359332176900123,1.6108549801622558
toxicity_feedback,2.0,0.39000988006591797,0.205180823802948,0.4789094626903534,0.0,0.4629;0.0565;0.4096;0.3704;0.5317;0.5270;0.2250;0.1457,stable,0.5199478887481059,0.16225534449392903,0.4257891943177328,0.22482718071198657,1.6840906083344631
toxicity_feedback,3.0,0.8559274077415466,0.6073310375213623,1.068155586719513,0.5,1.0282;0.3773;1.0435;1.3451;1.1420;0.6180;0.6836;0.5752,undecided,1.1854586447215747,0.5178017472290326,0.6386837914765993,0.3103218707548553,1.7457966097205135
toxicity_feedback,4.0,1.7074310779571533,1.4216427952051163,2.1589658856391907,0.875,0.4762;2.1588;1.4939;2.3404;2.1593;1.2050;1.6295;1.7854,unstable,2.267122579437421,1.0449971876323958,0.8515783886354656,0.3841914071203432,1.7992203910721107
toxicity_feedback,6.0,1.1801160275936127,0.833320677280426,1.407516971230507,0.75,1.3225;1.0361;1.2416;2.5092;1.1186;1.6627;0.2251;0.1876,undecided,1.913410960073111,0.41239944255864847,1.2773675829531985,0.5070774328642345,1.8886795189263892
toxicity_feedback,8.0,1.3566727936267853,0.8915506601333618,1.8380322605371475,0.75,1.7684;0.0686;1.1659;2.0827;1.3780;1.3353;0.0341;2.0469,undecided,2.0368067302092356,0.4331777415887076,1.7031567772709313,0.6068858904545712,1.9621389119180377
