regime,h_decimal,A,gamma,epsilon_at_h,modulus_at_h,eps_star,fragility
calm,0.003758003212407287,14.282993715482768,1207.7250598612052,1019.9764828017078,0.8465515277353317,1207.7250598612052,0.6023415590493257
normal,0.004736026248020473,11.084016847705607,739.2414066020294,640.8866806742788,0.8698047466234291,739.2414066020294,0.9840668947422316
elevated,0.006704814742692753,8.38597864370772,594.4403670651907,305.02774714440653,0.5199942665285906,594.4403670651907,1.223777919139801
stress,0.00998825181822844,5.975977619909649,477.3193887928185,104.82658520410422,0.2230462898109692,477.3193887928185,1.5240592714747891
crisis,0.012101476050465042,3.408781019907281,275.8905878427155,38.37918069815829,0.13911014869430108,275.8905878427155,2.636780765694201
