K,seed,slope,modulus,out_plus,out_minus,h_ref,delta,lr
1,0,0.7778083086013794,0.7778083086013794,1.1673331260681152,0.7784289717674255,1.0,0.25,0.08
3,0,0.702194094657898,0.702194094657898,1.1237542629241943,0.7726572155952454,1.0,0.25,0.08
8,0,0.37413573265075684,0.37413573265075684,0.8900488615036011,0.7029809951782227,1.0,0.25,0.08
